ResourceID,ResourceName,Type,MaxUnits,StandardRatePerHour,OvertimeRatePerHour,CostPerUse,Calendar,Owner,Notes
R-001,"Руководитель проекта","Work",100%,2500,3500,0,"IntelCarPricing Standard","Облов Андрей Андреевич","Планирование, контроль, координация"
R-002,"Системный аналитик","Work",100%,2200,3000,0,"IntelCarPricing Standard","Требования, постановка задачи, WBS, UML, BPMN, отчёты"
R-003,"Data Scientist","Work",100%,3000,4200,0,"IntelCarPricing Standard","Метрики, интеллектуальное ценообразование, анализ данных"
R-004,"Backend-разработчик","Work",100%,2800,3900,0,"IntelCarPricing Standard","Интеграция, API, хранение данных"
R-005,"Бизнес-эксперт по автомобильной продукции","Work",50%,3500,5000,0,"IntelCarPricing Standard","Валидация бизнес-правил и ценовых сценариев"
R-006,"Тестировщик","Work",50%,1800,2500,0,"IntelCarPricing Standard","Проверка сценариев и результатов"
R-007,"Репозиторий GitHub","Cost",,0,0,0,"","Облов Андрей Андреевич","Хранение артефактов, issues, project board"
R-008,"Рабочая станция","Material",,0,0,150000,"","Облов Андрей Андреевич","Подготовка документации, моделей, расчётов"
R-009,"Данные о ценах и продуктах","Material",,0,0,0,"","Облов Андрей Андреевич","Учебный источник для модели ценообразования"
R-010,"Облачная среда/сервер","Cost",,0,0,50000,"","Облов Андрей Андреевич","Условное размещение прототипа и расчётов"
