"Status","Path","SizeBytes"
"copied","docs\assignment-map.md","69395"
"copied","models\idef\practice-04\README.md","742"
"copied","models\idef\practice-04\A3-idef3-price-recommendation.mmd","896"
"copied","models\idef\practice-04\A3-idef3-price-recommendation.svg","2326"
"copied","models\idef\practice-04\A4-idef0-approval-decomposition.mmd","992"
"copied","models\idef\practice-04\A4-idef0-approval-decomposition.svg","1665"
"copied","models\idef\practice-04\idef3-uob-catalog.csv","1073"
"copied","models\idef\practice-04\idef0-function-catalog.csv","845"
"copied","docs\reports\practice-04-report.md","1448"
